{"cameraMode":{"drawMode":0,"name":"Shaded","section":"Shading Mode"},"sceneLighting":true,"audioPlay":false,"sceneViewState":{"showFog":true,"showMaterialUpdate":false,"showSkybox":true,"showFlares":true,"showImageEffects":true,"showParticleSystems":true},"in2DMode":false,"pivot":{"x":21.333744049072267,"y":12.391980171203614,"z":-7.885756492614746},"rotation":{"x":-0.004849543329328299,"y":0.9907721281051636,"z":0.036864109337329867,"w":0.13033805787563325},"size":23.926475524902345,"orthographic":false}