{"cameraMode":{"drawMode":0,"name":"Shaded","section":"Shading Mode"},"sceneLighting":false,"audioPlay":false,"sceneViewState":{"showFog":true,"showMaterialUpdate":false,"showSkybox":true,"showFlares":true,"showImageEffects":true,"showParticleSystems":true},"in2DMode":false,"pivot":{"x":12.670000076293946,"y":0.6299999952316284,"z":-6.0},"rotation":{"x":-0.3445482850074768,"y":-0.13813386857509614,"z":0.05133429169654846,"w":-0.9271301627159119},"size":2.6085753440856935,"orthographic":false}