{"cameraMode":{"drawMode":0,"name":"Shaded","section":"Shading Mode"},"sceneLighting":false,"audioPlay":false,"sceneViewState":{"showFog":true,"showMaterialUpdate":false,"showSkybox":true,"showFlares":true,"showImageEffects":true,"showParticleSystems":true},"in2DMode":false,"pivot":{"x":-0.0000787973403930664,"y":2.859592914581299,"z":0.0},"rotation":{"x":-0.06514681130647659,"y":0.9070430397987366,"z":-0.15272276103496552,"w":-0.386916846036911},"size":2.251488208770752,"orthographic":false}