{"cameraMode":{"drawMode":0,"name":"Shaded","section":"Shading Mode"},"sceneLighting":true,"audioPlay":false,"sceneViewState":{"showFog":true,"showMaterialUpdate":false,"showSkybox":true,"showFlares":true,"showImageEffects":true,"showParticleSystems":true},"in2DMode":false,"pivot":{"x":533.4662475585938,"y":216.9600830078125,"z":-1.665283203125},"rotation":{"x":0.0011895305942744017,"y":-0.03539543226361275,"z":-0.00004215916123939678,"w":-0.9993727207183838},"size":1054.6927490234375,"orthographic":false}