{"cameraMode":{"drawMode":0,"name":"Shaded","section":"Shading Mode"},"sceneLighting":false,"audioPlay":false,"sceneViewState":{"showFog":true,"showMaterialUpdate":false,"showSkybox":true,"showFlares":true,"showImageEffects":true,"showParticleSystems":true},"in2DMode":false,"pivot":{"x":-8.1899995803833,"y":2.3660929203033449,"z":7.849999904632568},"rotation":{"x":-0.1998765766620636,"y":0.027036279439926149,"z":-0.005517454817891121,"w":-0.9794324636459351},"size":10.66615104675293,"orthographic":false}