{"cameraMode":{"drawMode":0,"name":"Shaded","section":"Shading Mode"},"sceneLighting":false,"audioPlay":false,"sceneViewState":{"showFog":true,"showMaterialUpdate":false,"showSkybox":true,"showFlares":true,"showImageEffects":true,"showParticleSystems":true},"in2DMode":false,"pivot":{"x":11.36737060546875,"y":-24.140779495239259,"z":-0.8354334831237793},"rotation":{"x":-0.09599550813436508,"y":-0.7178360819816589,"z":0.10102091729640961,"w":-0.682122528553009},"size":12.556598663330079,"orthographic":false}