{"cameraMode":{"drawMode":0,"name":"Shaded","section":"Shading Mode"},"sceneLighting":false,"audioPlay":false,"sceneViewState":{"showFog":true,"showMaterialUpdate":false,"showSkybox":true,"showFlares":true,"showImageEffects":true,"showParticleSystems":true},"in2DMode":false,"pivot":{"x":-1.8392815589904786,"y":-4.50916051864624,"z":-6.587216377258301},"rotation":{"x":0.02213323675096035,"y":-0.9478320479393005,"z":0.31075215339660647,"w":0.06751016527414322},"size":15.548181533813477,"orthographic":false}