{"cameraMode":{"drawMode":0,"name":"Shaded","section":"Shading Mode"},"sceneLighting":false,"audioPlay":false,"sceneViewState":{"showFog":true,"showMaterialUpdate":false,"showSkybox":true,"showFlares":true,"showImageEffects":true,"showParticleSystems":true},"in2DMode":false,"pivot":{"x":12.670000076293946,"y":0.6299999952316284,"z":-6.0},"rotation":{"x":-0.22885698080062867,"y":-0.12314823269844055,"z":0.029199492186307908,"w":-0.9651976227760315},"size":2.6085753440856935,"orthographic":false}