{"cameraMode":{"drawMode":0,"name":"Shaded","section":"Shading Mode"},"sceneLighting":true,"audioPlay":false,"sceneViewState":{"showFog":true,"showMaterialUpdate":false,"showSkybox":true,"showFlares":true,"showImageEffects":true,"showParticleSystems":true},"in2DMode":false,"pivot":{"x":-0.32691729068756106,"y":2.3492648601531984,"z":-17.770986557006837},"rotation":{"x":-0.16897974908351899,"y":-0.008279373869299889,"z":0.001419694279320538,"w":-0.9855837225914002},"size":23.734127044677736,"orthographic":false}