{"cameraMode":{"drawMode":0,"name":"Shaded","section":"Shading Mode"},"sceneLighting":false,"audioPlay":false,"sceneViewState":{"showFog":true,"showMaterialUpdate":false,"showSkybox":true,"showFlares":true,"showImageEffects":true,"showParticleSystems":true},"in2DMode":false,"pivot":{"x":-0.0000787973403930664,"y":2.859592914581299,"z":0.0},"rotation":{"x":-0.11727765947580338,"y":0.7847338914871216,"z":-0.15646867454051972,"w":-0.588180422782898},"size":12.291722297668457,"orthographic":false}