{"cameraMode":{"drawMode":0,"name":"Shaded","section":"Shading Mode"},"sceneLighting":false,"audioPlay":false,"sceneViewState":{"showFog":true,"showMaterialUpdate":false,"showSkybox":true,"showFlares":true,"showImageEffects":true,"showParticleSystems":true},"in2DMode":false,"pivot":{"x":-8.1899995803833,"y":2.3660929203033449,"z":7.849999904632568},"rotation":{"x":-0.16954047977924348,"y":-0.013177723623812199,"z":0.002278272993862629,"w":-0.9854325652122498},"size":9.346712112426758,"orthographic":false}