{"cameraMode":{"drawMode":0,"name":"Shaded","section":"Shading Mode"},"sceneLighting":false,"audioPlay":false,"sceneViewState":{"showFog":true,"showMaterialUpdate":false,"showSkybox":true,"showFlares":true,"showImageEffects":true,"showParticleSystems":true},"in2DMode":false,"pivot":{"x":-1.3610453605651856,"y":0.6482204794883728,"z":-2.0717813968658449},"rotation":{"x":-0.2957926094532013,"y":0.17086848616600038,"z":-0.0538531169295311,"w":-0.9383019804954529},"size":21.494535446166993,"orthographic":false}