{"cameraMode":{"drawMode":0,"name":"Shaded","section":"Shading Mode"},"sceneLighting":false,"audioPlay":false,"sceneViewState":{"showFog":true,"showMaterialUpdate":false,"showSkybox":true,"showFlares":true,"showImageEffects":true,"showParticleSystems":true},"in2DMode":false,"pivot":{"x":1.512994408607483,"y":1.8483197689056397,"z":-0.3081074059009552},"rotation":{"x":-0.37955325841903689,"y":-0.01653064601123333,"z":0.0067948452197015289,"w":-0.9249972701072693},"size":28.30162239074707,"orthographic":false}