{"cameraMode":{"drawMode":0,"name":"Shaded","section":"Shading Mode"},"sceneLighting":false,"audioPlay":false,"sceneViewState":{"showFog":true,"showMaterialUpdate":false,"showSkybox":true,"showFlares":true,"showImageEffects":true,"showParticleSystems":true},"in2DMode":false,"pivot":{"x":-1.3913545608520508,"y":-64.92062377929688,"z":183.09722900390626},"rotation":{"x":-0.16954047977924348,"y":-0.013177723623812199,"z":0.002278272993862629,"w":-0.9854325652122498},"size":231.8856201171875,"orthographic":false}